rho,delta,beta,alpha,mmse,mse_ridge_opt,alpha_LR
0.1,0.1,Inf,0.0,1.0,1.0,0.0
0.1,0.1,Inf,0.005,0.9504405649266919,0.9954564307497449,0.049999999999999996
0.1,0.1,Inf,0.01,0.9017906597256523,0.9909166603063145,0.09999999999999999
0.1,0.1,Inf,0.015,0.8540969076683265,0.9863807314108489,0.15
0.1,0.1,Inf,0.02,0.8074117332239167,0.9818486873657627,0.19999999999999998
0.1,0.1,Inf,0.025,0.7617938735978838,0.9773205720422296,0.25
0.1,0.1,Inf,0.03,0.7173087978269183,0.9727964298877411,0.3
0.1,0.1,Inf,0.035,0.6740289515392284,0.9682763059337357,0.35000000000000003
0.1,0.1,Inf,0.04,0.6320337157753411,0.9637602458033007,0.39999999999999997
0.1,0.1,Inf,0.045,0.5914089368858799,0.9592482957189425,0.44999999999999996
0.1,0.1,Inf,0.05,0.5522458581673706,0.9547405025104273,0.5
0.1,0.1,Inf,0.055,0.5146392741670951,0.9502369136226876,0.5499999999999999
0.1,0.1,Inf,0.06,0.47868475218694306,0.9457375771237966,0.6
0.1,0.1,Inf,0.065,0.44447484163384776,0.9412425417130061,0.65
0.1,0.1,Inf,0.07,0.4120943349648428,0.9367518567288476,0.7000000000000001
0.1,0.1,Inf,0.075,0.38161485163346187,0.9322655721572948,0.7499999999999999
0.1,0.1,Inf,0.08,0.3530892560306014,0.9277837386399848,0.7999999999999999
0.1,0.1,Inf,0.085,0.3265466240547642,0.9233064074824973,0.85
0.1,0.1,Inf,0.09,0.30198855240125944,0.9188336306626883,0.8999999999999999
0.1,0.1,Inf,0.095,0.2793874895514582,0.9143654608390763,0.95
0.1,0.1,Inf,0.1,0.2586874512018422,0.9099019513592785,1.0
0.1,0.1,Inf,0.105,0.23980704461871005,0.9054431562684943,1.0499999999999998
0.1,0.1,Inf,0.11,0.2226443045497083,0.9009891303180336,1.0999999999999999
0.1,0.1,Inf,0.115,0.20708257047703704,0.8965399289738859,1.15
0.1,0.1,Inf,0.12,0.19299657581996743,0.8920956084253278,1.2
0.1,0.1,Inf,0.125,0.18025805136437967,0.8876562255935639,1.25
0.1,0.1,Inf,0.13,0.16874038578074368,0.8832218381404011,1.3
0.1,0.1,Inf,0.135,0.15832214335216055,0.8787925044769466,1.35
0.1,0.1,Inf,0.14,0.14888944757548295,0.874368283772331,1.4000000000000001
0.1,0.1,Inf,0.145,0.14033737229022958,0.8699492359624492,1.4499999999999997
0.1,0.1,Inf,0.15,0.1325705430794094,0.8655354217587146,1.4999999999999998
0.1,0.1,Inf,0.155,0.12550315990556726,0.8611269026568226,1.5499999999999998
0.1,0.1,Inf,0.16,0.11905862908536369,0.8567237409455183,1.5999999999999999
0.1,0.1,Inf,0.165,0.11316895643585867,0.8523259997153618,1.65
0.1,0.1,Inf,0.17,0.10777401528839037,0.8479337428674869,1.7
0.1,0.1,Inf,0.175,0.10282076919385152,0.8435470351223464,1.7499999999999998
0.1,0.1,Inf,0.18,0.09826250189931707,0.8391659420284376,1.7999999999999998
0.1,0.1,Inf,0.185,0.09405808672865645,0.834790529971002,1.8499999999999999
0.1,0.1,Inf,0.19,0.09017131297054803,0.8304208661806927,1.9
0.1,0.1,Inf,0.195,0.08657027704543041,0.8260570187421996,1.95
0.1,0.1,Inf,0.2,0.08322683989422464,0.8216990566028302,2.0
0.1,0.1,Inf,0.205,0.08011614819550295,0.8173470495810312,2.05
0.1,0.1,Inf,0.21,0.0772162148861174,0.813001068374849,2.0999999999999996
0.1,0.1,Inf,0.215,0.07450755345139426,0.8086611845703158,2.15
0.1,0.1,Inf,0.22,0.0719728601523586,0.8043274706497561,2.1999999999999997
0.1,0.1,Inf,0.225,0.06959673848600445,0.8,2.25
0.1,0.1,Inf,0.23,0.06736546054184711,0.7956788469204984,2.3
0.1,0.1,Inf,0.235,0.06526676040193136,0.7913640866313248,2.3499999999999996
0.1,0.1,Inf,0.24,0.06328965525594299,0.7870557952810575,2.4
0.1,0.1,Inf,0.245,0.061424290422515404,0.7827540499545281,2.4499999999999997
0.1,0.1,Inf,0.25,0.059661804956714914,0.7784589286804264,2.5
0.1,0.1,Inf,0.255,0.05799421496932278,0.7741705104387488,2.55
0.1,0.1,Inf,0.26,0.056414312181156,0.7698888751680797,2.6
0.1,0.1,Inf,0.265,0.05491557558521798,0.7656141037726887,2.65
0.1,0.1,Inf,0.27,0.05349209439357605,0.7613462781294361,2.7
0.1,0.1,Inf,0.275,0.052138500708451496,0.7570854810944685,2.75
0.1,0.1,Inf,0.28,0.050849910582564495,0.7528317965096906,2.8000000000000003
0.1,0.1,Inf,0.285,0.049621872326789274,0.748585309209001,2.8499999999999996
0.1,0.1,Inf,0.29,0.048450321087934456,0.7443461050242736,2.8999999999999995
0.1,0.1,Inf,0.295,0.047331538859887945,0.7401142707910702,2.9499999999999997
0.1,0.1,Inf,0.3,0.04626211921092016,0.7358898943540674,2.9999999999999996
0.1,0.1,Inf,0.305,0.04523893611172636,0.7316730645721818,3.05
0.1,0.1,Inf,0.31,0.04425911633542434,0.7274638713233743,3.0999999999999996
0.1,0.1,Inf,0.315,0.04332001497452487,0.7232624055091159,3.15
0.1,0.1,Inf,0.32,0.042419193682788014,0.7190687590584988,3.1999999999999997
0.1,0.1,Inf,0.325,0.0415544013035436,0.714883024931969,3.25
0.1,0.1,Inf,0.33,0.040723556591887755,0.7107052971246658,3.3
0.1,0.1,Inf,0.335,0.03992473277736863,0.7065356706693435,3.35
0.1,0.1,Inf,0.34,0.03915614374734011,0.7023742416388575,3.4
0.1,0.1,Inf,0.345,0.03841613165995994,0.6982211071481914,3.4499999999999997
0.1,0.1,Inf,0.35,0.037703155820536405,0.6940763653560054,3.4999999999999996
0.1,0.1,Inf,0.355,0.03701578267620398,0.6899401154656797,3.55
0.1,0.1,Inf,0.36,0.036352676802247075,0.6858124577258358,3.5999999999999996
0.1,0.1,Inf,0.365,0.035712592769215346,0.6816934934303049,3.65
0.1,0.1,Inf,0.37,0.03509436779365638,0.677583324917525,3.6999999999999997
0.1,0.1,Inf,0.375,0.034496915087142255,0.6734820555693399,3.75
0.1,0.1,Inf,0.38,0.03391921782854479,0.6693897898091744,3.8
0.1,0.1,Inf,0.385,0.03336032369344788,0.6653066330995611,3.85
0.1,0.1,Inf,0.39,0.03281933988235719,0.661232691938992,3.9
0.1,0.1,Inf,0.395,0.032295428596145426,0.6571680738580695,3.95
0.1,0.1,Inf,0.4,0.03178780291309102,0.6531128874149275,4.0
0.1,0.1,Inf,0.405,0.031295723027038314,0.6490672421898978,4.05
0.1,0.1,Inf,0.41,0.030818492810753773,0.6450312487793923,4.1
0.1,0.1,Inf,0.415,0.03035545667251338,0.6410050187889733,4.1499999999999995
0.1,0.1,Inf,0.42,0.02990599667747118,0.6369886648255842,4.199999999999999
0.1,0.1,Inf,0.425,0.029469529908421888,0.6329823004889094,4.25
0.1,0.1,Inf,0.43,0.02904550604329026,0.6289860403618383,4.3
0.1,0.1,Inf,0.435,0.028633405129073308,0.625,4.35
0.1,0.1,Inf,0.44,0.028232735534073128,0.6210242959203431,4.3999999999999995
0.1,0.1,Inf,0.445,0.027843032062140893,0.6170590455887272,4.45
0.1,0.1,Inf,0.45,0.027463854214306194,0.6131043674065006,4.5
0.1,0.1,Inf,0.455,0.02709478458464365,0.6091603806960315,4.55
0.1,0.1,Inf,0.46,0.02673542737854262,0.6052272056851644,4.6
0.1,0.1,Inf,0.465,0.02638540704270953,0.6013049634905729,4.65
0.1,0.1,Inf,0.47,0.026044366997274415,0.5973937760999779,4.699999999999999
0.1,0.1,Inf,0.475,0.025711968461303525,0.5934937663532043,4.749999999999999
0.1,0.1,Inf,0.48,0.025387889363846727,0.5896050579220461,4.8
0.1,0.1,Inf,0.485,0.02507182333339597,0.5857277752889124,4.85
0.1,0.1,Inf,0.49,0.024763478759290525,0.5818620437242255,4.8999999999999995
0.1,0.1,Inf,0.495,0.024462577919206696,0.5780079892625456,4.949999999999999
0.1,0.1,Inf,0.5,0.024168856167404273,0.5741657386773942,5.0
0.1,0.1,Inf,0.505,0.02388206117888192,0.5703354194547509,5.05
0.1,0.1,Inf,0.51,0.023601952245030366,0.5665171597651985,5.1
0.1,0.1,Inf,0.515,0.023328299616761528,0.5627110884346929,5.1499999999999995
0.1,0.1,Inf,0.52,0.023060883891445227,0.5589173349139344,5.2
0.1,0.1,Inf,0.525,0.02279949544030002,0.5551360292463186,5.25
0.1,0.1,Inf,0.53,0.02254393387318354,0.5513673020344474,5.3
0.1,0.1,Inf,0.535,0.022294007537968175,0.5476112844051797,5.35
0.1,0.1,Inf,0.54,0.0220495330519489,0.5438681079732051,5.4
0.1,0.1,Inf,0.545,0.021810334862921943,0.5401379048031245,5.45
0.1,0.1,Inf,0.55,0.021576244837781755,0.5364208073700241,5.5
0.1,0.1,Inf,0.555,0.021347101876651897,0.5327169485185282,5.55
0.1,0.1,Inf,0.56,0.021122751550732066,0.5290264614203248,5.6000000000000005
0.1,0.1,Inf,0.565,0.020903045762184158,0.5253494795301511,5.6499999999999995
0.1,0.1,Inf,0.57,0.020687842424517378,0.5216861365402363,5.699999999999999
0.1,0.1,Inf,0.575,0.020477005162051642,0.5180365663331974,5.749999999999999
0.1,0.1,Inf,0.58,0.02027040302715033,0.5144009029333871,5.799999999999999
0.1,0.1,Inf,0.585,0.020067910234013775,0.5107792804566947,5.85
0.1,0.1,Inf,0.59,0.019869405907918414,0.5071718330588068,5.8999999999999995
0.1,0.1,Inf,0.595,0.01967477384887073,0.503578694881931,5.949999999999999
0.1,0.1,Inf,0.6,0.01948390230872188,0.5000000000000001,5.999999999999999
0.1,0.1,Inf,0.605,0.0192966837808618,0.4964358823623618,6.05
0.1,0.1,Inf,0.61,0.019113014801674932,0.4928864757359792,6.1
0.1,0.1,Inf,0.615,0.018932795763000776,0.4893519136461554,6.1499999999999995
0.1,0.1,Inf,0.62,0.018755930734896342,0.48583232931581166,6.199999999999999
0.1,0.1,Inf,0.625,0.01858232729804976,0.482327855603343,6.25
0.1,0.1,Inf,0.63,0.018411896385239435,0.4788386249390839,6.3
0.1,0.1,Inf,0.635,0.018244552131275293,0.4753647692604185,6.35
0.1,0.1,Inf,0.64,0.018080211730901796,0.47190641994557514,6.3999999999999995
0.1,0.1,Inf,0.645,0.017918795304172952,0.4684637077461471,6.45
0.1,0.1,Inf,0.65,0.01776022576884917,0.4650367627183861,6.5
0.1,0.1,Inf,0.655,0.017604428719392273,0.461625714153321,6.55
0.1,0.1,Inf,0.66,0.01745133231216567,0.45823069050575527,6.6
0.1,0.1,Inf,0.665,0.017300867156473387,0.45485181932220253,6.65
0.1,0.1,Inf,0.67,0.0171529662110953,0.4514892271678248,6.7
0.1,0.1,Inf,0.675,0.017007564685997956,0.44814303955243884,6.75
0.1,0.1,Inf,0.68,0.016864599948924197,0.44481338085566413,6.8
0.1,0.1,Inf,0.685,0.016724011436581088,0.4415003742512873,6.8500000000000005
0.1,0.1,Inf,0.69,0.016585740570164043,0.4382041416309228,6.8999999999999995
0.1,0.1,Inf,0.695,0.016449730674975904,0.4349248035270534,6.949999999999999
0.1,0.1,Inf,0.7,0.016315926903908595,0.4316624790355401,6.999999999999999
0.1,0.1,Inf,0.705,0.01618427616457563,0.4284172857376901,7.049999999999999
0.1,0.1,Inf,0.71,0.016054727049892303,0.42518933962198124,7.1
0.1,0.1,Inf,0.715,0.015927229771918072,0.42197875500553905,7.1499999999999995
0.1,0.1,Inf,0.72,0.015801736098780883,0.41878564445547206,7.199999999999999
0.1,0.1,Inf,0.725,0.015678199294520634,0.4156101187101672,7.249999999999999
0.1,0.1,Inf,0.73,0.015556574061693529,0.4124522866006588,7.3
0.1,0.1,Inf,0.735,0.015436816486592897,0.40931225497217816,7.35
0.1,0.1,Inf,0.74,0.015318883986946918,0.4061901286060018,7.3999999999999995
0.1,0.1,Inf,0.745,0.01520273526196525,0.4030860101417135,7.449999999999999
0.1,0.1,Inf,0.75,0.015088330244612758,0.4,7.5
0.1,0.1,Inf,0.755,0.014975630055994227,0.3969321963061003,7.55
0.1,0.1,Inf,0.76,0.01486459696174347,0.39388269481403293,7.6
0.1,0.1,Inf,0.765,0.01475519433031558,0.39085158883172355,7.6499999999999995
0.1,0.1,Inf,0.77,0.014647386593083733,0.38783896914715854,7.7
0.1,0.1,Inf,0.775,0.014541139206154075,0.3848449239556907,7.75
0.1,0.1,Inf,0.78,0.01443641861380962,0.3818695387886216,7.8
0.1,0.1,Inf,0.785,0.014333192213505597,0.3789128964431888,7.85
0.1,0.1,Inf,0.79,0.014231428322338369,0.3759750769140807,7.9
0.1,0.1,Inf,0.795,0.01413109614491681,0.37305615732660635,7.95
0.1,0.1,Inf,0.8,0.014032165742568603,0.3701562118716425,8.0
0.1,0.1,Inf,0.805,0.013934608003817517,0.3672753117424796,8.05
0.1,0.1,Inf,0.81,0.013838394616069394,0.36441352507368874,8.1
0.1,0.1,Inf,0.815,0.013743498038451873,0.36157091688212517,8.149999999999999
0.1,0.1,Inf,0.82,0.01364989147575213,0.3587475490101846,8.2
0.1,0.1,Inf,0.825,0.013557548853401435,0.35594348007142496,8.249999999999998
0.1,0.1,Inf,0.83,0.013466444793458043,0.35315876539866076,8.299999999999999
0.1,0.1,Inf,0.835,0.013376554591542744,0.3503934569946353,8.35
0.1,0.1,Inf,0.84,0.013287854194682591,0.3476476034853718,8.399999999999999
0.1,0.1,Inf,0.845,0.013200320180021707,0.3449212500762985,8.45
0.1,0.1,Inf,0.85,0.013113929734360319,0.342214438511238,8.5
0.1,0.1,Inf,0.855,0.013028660634484934,0.33952720703434913,8.549999999999999
0.1,0.1,Inf,0.86,0.01294449122825203,0.33685959035509727,8.6
0.1,0.1,Inf,0.865,0.01286140041639583,0.3342116196163317,8.649999999999999
0.1,0.1,Inf,0.87,0.012779367635024297,0.33158332236553467,8.7
0.1,0.1,Inf,0.875,0.012698372838775507,0.32897472252930415,8.75
0.1,0.1,Inf,0.88,0.012618396484604277,0.3263858403911275,8.799999999999999
0.1,0.1,Inf,0.885,0.01253941951617299,0.32381669257249135,8.85
0.1,0.1,Inf,0.89,0.0124614233488195,0.32126729201736937,8.9
0.1,0.1,Inf,0.895,0.012384389855077726,0.3187376479801227,8.95
0.1,0.1,Inf,0.9,0.012308301350727802,0.316227766016838,9.0
0.1,0.1,Inf,0.905,0.012233140581352497,0.3137376479801227,9.049999999999999
0.1,0.1,Inf,0.91,0.012158890709380143,0.31126729201736947,9.1
0.1,0.1,Inf,0.915,0.012085535301591843,0.30881669257249134,9.15
0.1,0.1,Inf,0.92,0.012013058317074554,0.3063858403911275,9.2
0.1,0.1,Inf,0.925,0.011941444095602716,0.303974722529304,9.25
0.1,0.1,Inf,0.93,0.011870677346428327,0.30158332236553465,9.3
0.1,0.1,Inf,0.935,0.011800743137465264,0.2992116196163317,9.35
0.1,0.1,Inf,0.94,0.011731626884849855,0.29685959035509724,9.399999999999999
0.1,0.1,Inf,0.945,0.011663314342864606,0.2945272070343491,9.45
0.1,0.1,Inf,0.95,0.011595791594207983,0.2922144385112381,9.499999999999998
0.1,0.1,Inf,0.955,0.011529045040598707,0.28992125007629854,9.549999999999999
0.1,0.1,Inf,0.96,0.011463061393699792,0.2876476034853718,9.6
0.1,0.1,Inf,0.965,0.011397827666350557,0.28539345699463525,9.649999999999999
0.1,0.1,Inf,0.97,0.011333331164093963,0.2831587653986607,9.7
0.1,0.1,Inf,0.975,0.011269559476988156,0.280943480071425,9.75
0.1,0.1,Inf,0.98,0.011206500471690695,0.2787475490101846,9.799999999999999
0.1,0.1,Inf,0.985,0.011144142283805891,0.2765709168821252,9.85
0.1,0.1,Inf,0.99,0.011082473310483398,0.27441352507368877,9.899999999999999
0.1,0.1,Inf,0.995,0.011021482203260824,0.27227531174247965,9.95
0.1,0.1,Inf,1.0,0.010961157861138604,0.2701562118716425,10.0
0.2,0.1,Inf,0.0,1.0,1.0,0.0
0.2,0.1,Inf,0.005,0.9728989472349382,0.9954564307497449,0.024999999999999998
0.2,0.1,Inf,0.01,0.9461443258443761,0.9909166603063145,0.049999999999999996
0.2,0.1,Inf,0.015,0.9197409453085544,0.9863807314108489,0.075
0.2,0.1,Inf,0.02,0.8936938699874424,0.9818486873657627,0.09999999999999999
0.2,0.1,Inf,0.025,0.8680084270184674,0.9773205720422296,0.125
0.2,0.1,Inf,0.03,0.8426902129549279,0.9727964298877411,0.15
0.2,0.1,Inf,0.035,0.8177450987523526,0.9682763059337357,0.17500000000000002
0.2,0.1,Inf,0.04,0.7931792326415738,0.9637602458033007,0.19999999999999998
0.2,0.1,Inf,0.045,0.7689990403578987,0.9592482957189425,0.22499999999999998
0.2,0.1,Inf,0.05,0.7452112221209952,0.9547405025104273,0.25
0.2,0.1,Inf,0.055,0.7218227456852825,0.9502369136226876,0.27499999999999997
0.2,0.1,Inf,0.06,0.6988408347079933,0.9457375771237966,0.3
0.2,0.1,Inf,0.065,0.6762729516163635,0.9412425417130061,0.325
0.2,0.1,Inf,0.07,0.6541267741028671,0.9367518567288476,0.35000000000000003
0.2,0.1,Inf,0.075,0.632410164345556,0.9322655721572948,0.37499999999999994
0.2,0.1,Inf,0.08,0.6111311300480953,0.9277837386399848,0.39999999999999997
0.2,0.1,Inf,0.085,0.5902977764320678,0.9233064074824973,0.425
0.2,0.1,Inf,0.09,0.5699182484034455,0.9188336306626883,0.44999999999999996
0.2,0.1,Inf,0.095,0.5500006622679224,0.9143654608390763,0.475
0.2,0.1,Inf,0.1,0.5305530265967945,0.9099019513592785,0.5
0.2,0.1,Inf,0.105,0.511583152155273,0.9054431562684943,0.5249999999999999
0.2,0.1,Inf,0.11,0.49309855120287716,0.9009891303180336,0.5499999999999999
0.2,0.1,Inf,0.115,0.475106326959709,0.8965399289738859,0.575
0.2,0.1,Inf,0.12,0.457613054592942,0.8920956084253278,0.6
0.2,0.1,Inf,0.125,0.4406246556944081,0.8876562255935639,0.625
0.2,0.1,Inf,0.13,0.4241462688617428,0.8832218381404011,0.65
0.2,0.1,Inf,0.135,0.40818211961846784,0.8787925044769466,0.675
0.2,0.1,Inf,0.14,0.392735393460638,0.874368283772331,0.7000000000000001
0.2,0.1,Inf,0.145,0.3778081162402621,0.8699492359624492,0.7249999999999999
0.2,0.1,Inf,0.15,0.363401046330313,0.8655354217587146,0.7499999999999999
0.2,0.1,Inf,0.155,0.34951358301116886,0.8611269026568226,0.7749999999999999
0.2,0.1,Inf,0.16,0.33614369523794374,0.8567237409455183,0.7999999999999999
0.2,0.1,Inf,0.165,0.3232878743791713,0.8523259997153618,0.825
0.2,0.1,Inf,0.17,0.310941113674838,0.8479337428674869,0.85
0.2,0.1,Inf,0.175,0.2990969160908974,0.8435470351223464,0.8749999999999999
0.2,0.1,Inf,0.18,0.2877473310207269,0.8391659420284376,0.8999999999999999
0.2,0.1,Inf,0.185,0.27688301899426215,0.834790529971002,0.9249999999999999
0.2,0.1,Inf,0.19,0.2664933423052822,0.8304208661806927,0.95
0.2,0.1,Inf,0.195,0.2565664783559166,0.8260570187421996,0.975
0.2,0.1,Inf,0.2,0.24708955162910184,0.8216990566028302,1.0
0.2,0.1,Inf,0.205,0.23804877959356052,0.8173470495810312,1.025
0.2,0.1,Inf,0.21,0.22942962755024332,0.813001068374849,1.0499999999999998
0.2,0.1,Inf,0.215,0.22121696744061947,0.8086611845703158,1.075
0.2,0.1,Inf,0.22,0.2133952359242528,0.8043274706497561,1.0999999999999999
0.2,0.1,Inf,0.225,0.20594858754294154,0.8,1.125
0.2,0.1,Inf,0.23,0.198861039456254,0.7956788469204984,1.15
0.2,0.1,Inf,0.235,0.1921166049899662,0.7913640866313248,1.1749999999999998
0.2,0.1,Inf,0.24,0.18569941402041623,0.7870557952810575,1.2
0.2,0.1,Inf,0.245,0.1795938189697588,0.7827540499545281,1.2249999999999999
0.2,0.1,Inf,0.25,0.17378448586834594,0.7784589286804264,1.25
0.2,0.1,Inf,0.255,0.16825647052387704,0.7741705104387488,1.275
0.2,0.1,Inf,0.26,0.16299528030874866,0.7698888751680797,1.3
0.2,0.1,Inf,0.265,0.1579869224345951,0.7656141037726887,1.325
0.2,0.1,Inf,0.27,0.15321793983226262,0.7613462781294361,1.35
0.2,0.1,Inf,0.275,0.14867543590816146,0.7570854810944685,1.375
0.2,0.1,Inf,0.28,0.14434708951902198,0.7528317965096906,1.4000000000000001
0.2,0.1,Inf,0.285,0.14022116151270325,0.748585309209001,1.4249999999999998
0.2,0.1,Inf,0.29,0.13628649413864036,0.7443461050242736,1.4499999999999997
0.2,0.1,Inf,0.295,0.13253250455213783,0.7401142707910702,1.4749999999999999
0.2,0.1,Inf,0.3,0.12894917353443458,0.7358898943540674,1.4999999999999998
0.2,0.1,Inf,0.305,0.125527030435432,0.7316730645721818,1.525
0.2,0.1,Inf,0.31,0.12225713522622139,0.7274638713233743,1.5499999999999998
0.2,0.1,Inf,0.315,0.11913105842996641,0.7232624055091159,1.575
0.2,0.1,Inf,0.32,0.11614085958655695,0.7190687590584988,1.5999999999999999
0.2,0.1,Inf,0.325,0.11327906480146444,0.714883024931969,1.625
0.2,0.1,Inf,0.33,0.11053864383397005,0.7107052971246658,1.65
0.2,0.1,Inf,0.335,0.10791298709519381,0.7065356706693435,1.675
0.2,0.1,Inf,0.34,0.10539588285207946,0.7023742416388575,1.7
0.2,0.1,Inf,0.345,0.10298149486941577,0.6982211071481914,1.7249999999999999
0.2,0.1,Inf,0.35,0.10066434066735186,0.6940763653560054,1.7499999999999998
0.2,0.1,Inf,0.355,0.09843927052591017,0.6899401154656797,1.775
0.2,0.1,Inf,0.36,0.09630144732976131,0.6858124577258358,1.7999999999999998
0.2,0.1,Inf,0.365,0.0942463273151084,0.6816934934303049,1.825
0.2,0.1,Inf,0.37,0.0922696417550094,0.677583324917525,1.8499999999999999
0.2,0.1,Inf,0.375,0.09036737959901775,0.6734820555693399,1.875
0.2,0.1,Inf,0.38,0.08853577106687471,0.6693897898091744,1.9
0.2,0.1,Inf,0.385,0.0867712721834476,0.6653066330995611,1.925
0.2,0.1,Inf,0.39,0.08507055023258225,0.661232691938992,1.95
0.2,0.1,Inf,0.395,0.08343047010048144,0.6571680738580695,1.975
0.2,0.1,Inf,0.4,0.08184808147420053,0.6531128874149275,2.0
0.2,0.1,Inf,0.405,0.08032060685746312,0.6490672421898978,2.025
0.2,0.1,Inf,0.41,0.07884543036392733,0.6450312487793923,2.05
0.2,0.1,Inf,0.415,0.07742008724700389,0.6410050187889733,2.0749999999999997
0.2,0.1,Inf,0.42,0.07604225412510812,0.6369886648255842,2.0999999999999996
0.2,0.1,Inf,0.425,0.07470973986163598,0.6329823004889094,2.125
0.2,0.1,Inf,0.43,0.07342047705984034,0.6289860403618383,2.15
0.2,0.1,Inf,0.435,0.07217251413400982,0.625,2.175
0.2,0.1,Inf,0.44,0.07096400791983581,0.6210242959203431,2.1999999999999997
0.2,0.1,Inf,0.445,0.06979321678849404,0.6170590455887272,2.225
0.2,0.1,Inf,0.45,0.06865849423072312,0.6131043674065006,2.25
0.2,0.1,Inf,0.455,0.06755828287897503,0.6091603806960315,2.275
0.2,0.1,Inf,0.46,0.06649110893753807,0.6052272056851644,2.3
0.2,0.1,Inf,0.465,0.06545557699232474,0.6013049634905729,2.325
0.2,0.1,Inf,0.47,0.06445036517378411,0.5973937760999779,2.3499999999999996
0.2,0.1,Inf,0.475,0.06347422064810138,0.5934937663532043,2.3749999999999996
0.2,0.1,Inf,0.48,0.06252595541348949,0.5896050579220461,2.4
0.2,0.1,Inf,0.485,0.06160444237994589,0.5857277752889124,2.425
0.2,0.1,Inf,0.49,0.060708611712330884,0.5818620437242255,2.4499999999999997
0.2,0.1,Inf,0.495,0.059837447418035206,0.5780079892625456,2.4749999999999996
0.2,0.1,Inf,0.5,0.05898998416182699,0.5741657386773942,2.5
0.2,0.1,Inf,0.505,0.05816530429171263,0.5703354194547509,2.525
0.2,0.1,Inf,0.51,0.05736253506080946,0.5665171597651985,2.55
0.2,0.1,Inf,0.515,0.056580846031319854,0.5627110884346929,2.5749999999999997
0.2,0.1,Inf,0.52,0.055819446647704773,0.5589173349139344,2.6
0.2,0.1,Inf,0.525,0.05507758396710616,0.5551360292463186,2.625
0.2,0.1,Inf,0.53,0.05435454053593791,0.5513673020344474,2.65
0.2,0.1,Inf,0.535,0.05364963240238707,0.5476112844051797,2.675
0.2,0.1,Inf,0.54,0.05296220725531631,0.5438681079732051,2.7
0.2,0.1,Inf,0.545,0.05229164268076536,0.5401379048031245,2.725
0.2,0.1,Inf,0.55,0.05163734452789093,0.5364208073700241,2.75
0.2,0.1,Inf,0.555,0.050998745376791055,0.5327169485185282,2.775
0.2,0.1,Inf,0.56,0.050375303101213076,0.5290264614203248,2.8000000000000003
0.2,0.1,Inf,0.565,0.04976649951965506,0.5253494795301511,2.8249999999999997
0.2,0.1,Inf,0.57,0.04917183912885015,0.5216861365402363,2.8499999999999996
0.2,0.1,Inf,0.575,0.048590847914060875,0.5180365663331974,2.8749999999999996
0.2,0.1,Inf,0.58,0.04802307223101154,0.5144009029333871,2.8999999999999995
0.2,0.1,Inf,0.585,0.04746807775467021,0.5107792804566947,2.925
0.2,0.1,Inf,0.59,0.0469254484904299,0.5071718330588068,2.9499999999999997
0.2,0.1,Inf,0.595,0.04639478584356482,0.503578694881931,2.9749999999999996
0.2,0.1,Inf,0.6,0.045875707743128435,0.5000000000000001,2.9999999999999996
0.2,0.1,Inf,0.605,0.04536784781673975,0.4964358823623618,3.025
0.2,0.1,Inf,0.61,0.04487085461294915,0.4928864757359792,3.05
0.2,0.1,Inf,0.615,0.044384390868117296,0.4893519136461554,3.0749999999999997
0.2,0.1,Inf,0.62,0.043908132814949874,0.48583232931581166,3.0999999999999996
0.2,0.1,Inf,0.625,0.04344176953003531,0.482327855603343,3.125
0.2,0.1,Inf,0.63,0.04298500231791469,0.4788386249390839,3.15
0.2,0.1,Inf,0.635,0.04253754412938815,0.4753647692604185,3.175
0.2,0.1,Inf,0.64,0.04209911901191499,0.47190641994557514,3.1999999999999997
0.2,0.1,Inf,0.645,0.04166946159011731,0.4684637077461471,3.225
0.2,0.1,Inf,0.65,0.04124831657452832,0.4650367627183861,3.25
0.2,0.1,Inf,0.655,0.04083543829685665,0.461625714153321,3.275
0.2,0.1,Inf,0.66,0.04043059027014917,0.45823069050575527,3.3
0.2,0.1,Inf,0.665,0.040033544772350216,0.45485181932220253,3.325
0.2,0.1,Inf,0.67,0.039644082451849694,0.4514892271678248,3.35
0.2,0.1,Inf,0.675,0.03926199195370661,0.44814303955243884,3.375
0.2,0.1,Inf,0.68,0.03888706956532628,0.44481338085566413,3.4
0.2,0.1,Inf,0.685,0.03851911888044146,0.4415003742512873,3.4250000000000003
0.2,0.1,Inf,0.69,0.03815795048032933,0.4382041416309228,3.4499999999999997
0.2,0.1,Inf,0.695,0.0378033816312614,0.4349248035270534,3.4749999999999996
0.2,0.1,Inf,0.7,0.03745523599725098,0.4316624790355401,3.4999999999999996
0.2,0.1,Inf,0.705,0.03711334336721872,0.4284172857376901,3.5249999999999995
0.2,0.1,Inf,0.71,0.036777539395757786,0.42518933962198124,3.55
0.2,0.1,Inf,0.715,0.03644766535672639,0.42197875500553905,3.5749999999999997
0.2,0.1,Inf,0.72,0.03612356790894944,0.41878564445547206,3.5999999999999996
0.2,0.1,Inf,0.725,0.03580509887335104,0.4156101187101672,3.6249999999999996
0.2,0.1,Inf,0.73,0.03549211502088523,0.4124522866006588,3.65
0.2,0.1,Inf,0.735,0.03518447787066892,0.40931225497217816,3.675
0.2,0.1,Inf,0.74,0.034882053497759746,0.4061901286060018,3.6999999999999997
0.2,0.1,Inf,0.745,0.034584712350053226,0.4030860101417135,3.7249999999999996
0.2,0.1,Inf,0.75,0.03429232907380775,0.4,3.75
0.2,0.1,Inf,0.755,0.03400478234733306,0.3969321963061003,3.775
0.2,0.1,Inf,0.76,0.03372195472240769,0.39388269481403293,3.8
0.2,0.1,Inf,0.765,0.033443732473016685,0.39085158883172355,3.8249999999999997
0.2,0.1,Inf,0.77,0.03317000545102189,0.38783896914715854,3.85
0.2,0.1,Inf,0.775,0.03290066694840543,0.3848449239556907,3.875
0.2,0.1,Inf,0.78,0.03263561356574218,0.3818695387886216,3.9
0.2,0.1,Inf,0.785,0.03237474508658167,0.3789128964431888,3.925
0.2,0.1,Inf,0.79,0.032117964357434525,0.3759750769140807,3.95
0.2,0.1,Inf,0.795,0.03186517717307924,0.37305615732660635,3.975
0.2,0.1,Inf,0.8,0.031616292166919524,0.3701562118716425,4.0
0.2,0.1,Inf,0.805,0.03137122070613696,0.3672753117424796,4.025
0.2,0.1,Inf,0.81,0.03112987679140089,0.36441352507368874,4.05
0.2,0.1,Inf,0.815,0.030892176960907847,0.36157091688212517,4.074999999999999
0.2,0.1,Inf,0.82,0.03065804019853735,0.3587475490101846,4.1
0.2,0.1,Inf,0.825,0.03042738784592125,0.35594348007142496,4.124999999999999
0.2,0.1,Inf,0.83,0.030200143518237077,0.35315876539866076,4.1499999999999995
0.2,0.1,Inf,0.835,0.02997623302354313,0.3503934569946353,4.175
0.2,0.1,Inf,0.84,0.029755584285487413,0.3476476034853718,4.199999999999999
0.2,0.1,Inf,0.845,0.02953812726922489,0.3449212500762985,4.225
0.2,0.1,Inf,0.85,0.029323793910394635,0.342214438511238,4.25
0.2,0.1,Inf,0.855,0.029112518047009206,0.33952720703434913,4.2749999999999995
0.2,0.1,Inf,0.86,0.028904235354120567,0.33685959035509727,4.3
0.2,0.1,Inf,0.865,0.028698883281133014,0.3342116196163317,4.324999999999999
0.2,0.1,Inf,0.87,0.028496400991638637,0.33158332236553467,4.35
0.2,0.1,Inf,0.875,0.02829672930566174,0.32897472252930415,4.375
0.2,0.1,Inf,0.88,0.028099810644197976,0.3263858403911275,4.3999999999999995
0.2,0.1,Inf,0.885,0.02790558897594697,0.32381669257249135,4.425
0.2,0.1,Inf,0.89,0.027714009766136694,0.32126729201736937,4.45
0.2,0.1,Inf,0.895,0.02752501992734646,0.3187376479801227,4.475
0.2,0.1,Inf,0.9,0.027338567772237754,0.316227766016838,4.5
0.2,0.1,Inf,0.905,0.027154602968109454,0.3137376479801227,4.5249999999999995
0.2,0.1,Inf,0.91,0.026973076493195802,0.31126729201736947,4.55
0.2,0.1,Inf,0.915,0.026793940594629806,0.30881669257249134,4.575
0.2,0.1,Inf,0.92,0.026617148748000252,0.3063858403911275,4.6
0.2,0.1,Inf,0.925,0.026442655618432176,0.303974722529304,4.625
0.2,0.1,Inf,0.93,0.02627041702312516,0.30158332236553465,4.65
0.2,0.1,Inf,0.935,0.026100389895286624,0.2992116196163317,4.675
0.2,0.1,Inf,0.94,0.02593253224940051,0.29685959035509724,4.699999999999999
0.2,0.1,Inf,0.945,0.02576680314777413,0.2945272070343491,4.725
0.2,0.1,Inf,0.95,0.025603162668309642,0.2922144385112381,4.749999999999999
0.2,0.1,Inf,0.955,0.025441571873447977,0.28992125007629854,4.7749999999999995
0.2,0.1,Inf,0.96,0.025281992780237128,0.2876476034853718,4.8
0.2,0.1,Inf,0.965,0.025124388331476788,0.28539345699463525,4.824999999999999
0.2,0.1,Inf,0.97,0.02496872236789527,0.2831587653986607,4.85
0.2,0.1,Inf,0.975,0.024814959601316855,0.280943480071425,4.875
0.2,0.1,Inf,0.98,0.024663065588778843,0.2787475490101846,4.8999999999999995
0.2,0.1,Inf,0.985,0.02451300670755685,0.2765709168821252,4.925
0.2,0.1,Inf,0.99,0.02436475013106776,0.27441352507368877,4.949999999999999
0.2,0.1,Inf,0.995,0.02421826380560843,0.27227531174247965,4.975
0.2,0.1,Inf,1.0,0.024073516427898678,0.2701562118716425,5.0
0.5,0.1,Inf,0.0,1.0,1.0,0.0
0.5,0.1,Inf,0.005,0.9864218981808491,0.9954564307497449,0.01
0.5,0.1,Inf,0.01,0.9729604596002773,0.9909166603063145,0.02
0.5,0.1,Inf,0.015,0.9596158933671887,0.9863807314108489,0.03
0.5,0.1,Inf,0.02,0.9463884079945238,0.9818486873657627,0.04
0.5,0.1,Inf,0.025,0.9332782111258305,0.9773205720422296,0.05
0.5,0.1,Inf,0.03,0.9202855092443535,0.9727964298877411,0.06
0.5,0.1,Inf,0.035,0.9074105073649298,0.9682763059337357,0.07
0.5,0.1,Inf,0.04,0.8946534087058734,0.9637602458033007,0.08
0.5,0.1,Inf,0.045,0.8820144143418057,0.9592482957189425,0.09
0.5,0.1,Inf,0.05,0.8694937228356456,0.9547405025104273,0.1
0.5,0.1,Inf,0.055,0.857091529849741,0.9502369136226876,0.11
0.5,0.1,Inf,0.06,0.8448080277354777,0.9457375771237966,0.12
0.5,0.1,Inf,0.065,0.8326434051006977,0.9412425417130061,0.13
0.5,0.1,Inf,0.07,0.8205978463544812,0.9367518567288476,0.14
0.5,0.1,Inf,0.075,0.8086715312287898,0.9322655721572948,0.15
0.5,0.1,Inf,0.08,0.7968646342766482,0.9277837386399848,0.16
0.5,0.1,Inf,0.085,0.7851773243463622,0.9233064074824973,0.17
0.5,0.1,Inf,0.09,0.7736097640316403,0.9188336306626883,0.18
0.5,0.1,Inf,0.095,0.7621621090973653,0.9143654608390763,0.19
0.5,0.1,Inf,0.1,0.7508345078808805,0.9099019513592785,0.2
0.5,0.1,Inf,0.105,0.7396271006688633,0.9054431562684943,0.21
0.5,0.1,Inf,0.11,0.7285400190498093,0.9009891303180336,0.22
0.5,0.1,Inf,0.115,0.7175733852424117,0.8965399289738859,0.23
0.5,0.1,Inf,0.12,0.7067273114001608,0.8920956084253278,0.24
0.5,0.1,Inf,0.125,0.6960018988926815,0.8876562255935639,0.25
0.5,0.1,Inf,0.13,0.6853972375644447,0.8832218381404011,0.26
0.5,0.1,Inf,0.135,0.6749134049716647,0.8787925044769466,0.27
0.5,0.1,Inf,0.14,0.6645504655983946,0.874368283772331,0.28
0.5,0.1,Inf,0.145,0.6543084700529389,0.8699492359624492,0.29
0.5,0.1,Inf,0.15,0.6441874542459711,0.8655354217587146,0.3
0.5,0.1,Inf,0.155,0.6341874385519399,0.8611269026568226,0.31
0.5,0.1,Inf,0.16,0.624308426955438,0.8567237409455183,0.32
0.5,0.1,Inf,0.165,0.6145504061846138,0.8523259997153618,0.33
0.5,0.1,Inf,0.17,0.6049133448337305,0.8479337428674869,0.34
0.5,0.1,Inf,0.175,0.5953971924773456,0.8435470351223464,0.35
0.5,0.1,Inf,0.18,0.5860018787786883,0.8391659420284376,0.36
0.5,0.1,Inf,0.185,0.5767273125951444,0.834790529971002,0.37
0.5,0.1,Inf,0.19,0.5675733810838604,0.8304208661806927,0.38
0.5,0.1,Inf,0.195,0.5585399488107976,0.8260570187421996,0.39
0.5,0.1,Inf,0.2,0.5496268568666911,0.8216990566028302,0.4
0.5,0.1,Inf,0.205,0.5408339219936125,0.8173470495810312,0.41
0.5,0.1,Inf,0.21,0.5321609357259862,0.813001068374849,0.42
0.5,0.1,Inf,0.215,0.5236076635501015,0.8086611845703158,0.43
0.5,0.1,Inf,0.22,0.5151738440862783,0.8043274706497561,0.44
0.5,0.1,Inf,0.225,0.5068591882979911,0.8,0.45
0.5,0.1,Inf,0.23,0.4986633787323427,0.7956788469204984,0.46
0.5,0.1,Inf,0.235,0.49058606879635036,0.7913640866313248,0.47
0.5,0.1,Inf,0.24,0.48262688207356774,0.7870557952810575,0.48
0.5,0.1,Inf,0.245,0.4747854116855107,0.7827540499545281,0.49
0.5,0.1,Inf,0.25,0.467061219702419,0.7784589286804264,0.5
0.5,0.1,Inf,0.255,0.4594538366077353,0.7741705104387488,0.51
0.5,0.1,Inf,0.26,0.4519627608206136,0.7698888751680797,0.52
0.5,0.1,Inf,0.265,0.4445874582806303,0.7656141037726887,0.53
0.5,0.1,Inf,0.27,0.4373273620986545,0.7613462781294361,0.54
0.5,0.1,Inf,0.275,0.4301818722776345,0.7570854810944685,0.55
0.5,0.1,Inf,0.28,0.42315035550675606,0.7528317965096906,0.56
0.5,0.1,Inf,0.285,0.4162321450321488,0.748585309209001,0.57
0.5,0.1,Inf,0.29,0.4094265406069403,0.7443461050242736,0.58
0.5,0.1,Inf,0.295,0.4027328085230836,0.7401142707910702,0.59
0.5,0.1,Inf,0.3,0.39615018172696514,0.7358898943540674,0.6
0.5,0.1,Inf,0.305,0.3896778600203371,0.7316730645721818,0.61
0.5,0.1,Inf,0.31,0.38331501034766613,0.7274638713233743,0.62
0.5,0.1,Inf,0.315,0.37706076717044834,0.7232624055091159,0.63
0.5,0.1,Inf,0.32,0.37091423292857695,0.7190687590584988,0.64
0.5,0.1,Inf,0.325,0.3648744785882706,0.714883024931969,0.65
0.5,0.1,Inf,0.33,0.35894054427557587,0.7107052971246658,0.66
0.5,0.1,Inf,0.335,0.3531114399938853,0.7065356706693435,0.67
0.5,0.1,Inf,0.34,0.3473861464234199,0.7023742416388575,0.68
0.5,0.1,Inf,0.345,0.34176361580007075,0.6982211071481914,0.69
0.5,0.1,Inf,0.35,0.33624277287052207,0.6940763653560054,0.7
0.5,0.1,Inf,0.355,0.33082251592007805,0.6899401154656797,0.71
0.5,0.1,Inf,0.36,0.32550171786917736,0.6858124577258358,0.72
0.5,0.1,Inf,0.365,0.32027922743416537,0.6816934934303049,0.73
0.5,0.1,Inf,0.37,0.3151538703474953,0.677583324917525,0.74
0.5,0.1,Inf,0.375,0.3101244506322228,0.6734820555693399,0.75
0.5,0.1,Inf,0.38,0.3051897519253395,0.6693897898091744,0.76
0.5,0.1,Inf,0.385,0.3003485388442608,0.6653066330995611,0.77
0.5,0.1,Inf,0.39,0.2955995583905907,0.661232691938992,0.78
0.5,0.1,Inf,0.395,0.2909415413851345,0.6571680738580695,0.79
0.5,0.1,Inf,0.4,0.28637320392805043,0.6531128874149275,0.8
0.5,0.1,Inf,0.405,0.2818932488779836,0.6490672421898978,0.81
0.5,0.1,Inf,0.41,0.27750036734404626,0.6450312487793923,0.82
0.5,0.1,Inf,0.415,0.2731932401845577,0.6410050187889733,0.83
0.5,0.1,Inf,0.42,0.26897053950658,0.6369886648255842,0.84
0.5,0.1,Inf,0.425,0.26483093016042636,0.6329823004889094,0.85
0.5,0.1,Inf,0.43,0.260773071223518,0.6289860403618383,0.86
0.5,0.1,Inf,0.435,0.2567956174681989,0.625,0.87
0.5,0.1,Inf,0.44,0.2528972208083782,0.6210242959203431,0.88
0.5,0.1,Inf,0.445,0.24907653172016664,0.6170590455887272,0.89
0.5,0.1,Inf,0.45,0.24533220063199768,0.6131043674065006,0.9
0.5,0.1,Inf,0.455,0.24166287928005448,0.6091603806960315,0.91
0.5,0.1,Inf,0.46,0.23806722202519104,0.6052272056851644,0.92
0.5,0.1,Inf,0.465,0.23454388712789798,0.6013049634905729,0.93
0.5,0.1,Inf,0.47,0.2310915379782379,0.5973937760999779,0.94
0.5,0.1,Inf,0.475,0.22770884427806182,0.5934937663532043,0.95
0.5,0.1,Inf,0.48,0.22439448317318744,0.5896050579220461,0.96
0.5,0.1,Inf,0.485,0.2211471403336026,0.5857277752889124,0.97
0.5,0.1,Inf,0.49,0.21796551098011496,0.5818620437242255,0.98
0.5,0.1,Inf,0.495,0.21484830085623896,0.5780079892625456,0.99
0.5,0.1,Inf,0.5,0.21179422714443763,0.5741657386773942,1.0
0.5,0.1,Inf,0.505,0.2088020193261797,0.5703354194547509,1.01
0.5,0.1,Inf,0.51,0.20587041998557487,0.5665171597651985,1.02
0.5,0.1,Inf,0.515,0.20299818555664462,0.5627110884346929,1.03
0.5,0.1,Inf,0.52,0.2001840870145577,0.5589173349139344,1.04
0.5,0.1,Inf,0.525,0.1974269105114118,0.5551360292463186,1.05
0.5,0.1,Inf,0.53,0.19472545795737028,0.5513673020344474,1.06
0.5,0.1,Inf,0.535,0.19207854754817422,0.5476112844051797,1.07
0.5,0.1,Inf,0.54,0.18948501424022868,0.5438681079732051,1.08
0.5,0.1,Inf,0.545,0.1869437101746425,0.5401379048031245,1.09
0.5,0.1,Inf,0.55,0.18445350505172498,0.5364208073700241,1.1
0.5,0.1,Inf,0.555,0.18201328645757986,0.5327169485185282,1.11
0.5,0.1,Inf,0.56,0.17962196014453657,0.5290264614203248,1.12
0.5,0.1,Inf,0.565,0.17727845026724343,0.5253494795301511,1.13
0.5,0.1,Inf,0.57,0.17498169957631116,0.5216861365402363,1.14
0.5,0.1,Inf,0.575,0.172730669571455,0.5180365663331974,1.15
0.5,0.1,Inf,0.58,0.1705243406161039,0.5144009029333871,1.16
0.5,0.1,Inf,0.585,0.16836171201548,0.5107792804566947,1.17
0.5,0.1,Inf,0.59,0.16624180206015027,0.5071718330588068,1.18
0.5,0.1,Inf,0.595,0.16416364803704797,0.503578694881931,1.19
0.5,0.1,Inf,0.6,0.1621263062099495,0.5000000000000001,1.2
0.5,0.1,Inf,0.605,0.1601288517713637,0.4964358823623618,1.21
0.5,0.1,Inf,0.61,0.15817037876775708,0.4928864757359792,1.22
0.5,0.1,Inf,0.615,0.1562500000000001,0.4893519136461554,1.23
0.5,0.1,Inf,0.62,0.15436684690086566,0.48583232931581166,1.24
0.5,0.1,Inf,0.625,0.15252006939136575,0.482327855603343,1.25
0.5,0.1,Inf,0.63,0.15070883571764682,0.4788386249390839,1.26
0.5,0.1,Inf,0.635,0.14893233227010805,0.4753647692604185,1.27
0.5,0.1,Inf,0.64,0.1471897633863405,0.47190641994557514,1.28
0.5,0.1,Inf,0.645,0.14548035113941704,0.4684637077461471,1.29
0.5,0.1,Inf,0.65,0.14380333511299803,0.4650367627183861,1.3
0.5,0.1,Inf,0.655,0.14215797216464632,0.461625714153321,1.31
0.5,0.1,Inf,0.66,0.14054353617867565,0.45823069050575527,1.32
0.5,0.1,Inf,0.665,0.1389593178097891,0.45485181932220253,1.33
0.5,0.1,Inf,0.67,0.1374046242186917,0.4514892271678248,1.34
0.5,0.1,Inf,0.675,0.13587877880079835,0.44814303955243884,1.35
0.5,0.1,Inf,0.68,0.13438112090908672,0.44481338085566413,1.36
0.5,0.1,Inf,0.685,0.13291100557208135,0.4415003742512873,1.37
0.5,0.1,Inf,0.69,0.13146780320789275,0.4382041416309228,1.38
0.5,0.1,Inf,0.695,0.13005089933516978,0.4349248035270534,1.39
0.5,0.1,Inf,0.7,0.12865969428176882,0.4316624790355401,1.4
0.5,0.1,Inf,0.705,0.12729360289188107,0.4284172857376901,1.41
0.5,0.1,Inf,0.71,0.1259520542323067,0.42518933962198124,1.42
0.5,0.1,Inf,0.715,0.12463449129851056,0.42197875500553905,1.43
0.5,0.1,Inf,0.72,0.12334037072104331,0.41878564445547206,1.44
0.5,0.1,Inf,0.725,0.12206916247286526,0.4156101187101672,1.45
0.5,0.1,Inf,0.73,0.12082034957805976,0.4124522866006588,1.46
0.5,0.1,Inf,0.735,0.11959342782238702,0.40931225497217816,1.47
0.5,0.1,Inf,0.74,0.11838790546608002,0.4061901286060018,1.48
0.5,0.1,Inf,0.745,0.11720330295924952,0.4030860101417135,1.49
0.5,0.1,Inf,0.75,0.11603915266023013,0.4,1.5
0.5,0.1,Inf,0.755,0.11489499855715979,0.3969321963061003,1.51
0.5,0.1,Inf,0.76,0.11377039599305805,0.39388269481403293,1.52
0.5,0.1,Inf,0.765,0.1126649113946333,0.39085158883172355,1.53
0.5,0.1,Inf,0.77,0.11157812200502704,0.38783896914715854,1.54
0.5,0.1,Inf,0.775,0.11050961562066908,0.3848449239556907,1.55
0.5,0.1,Inf,0.78,0.1094589903324018,0.3818695387886216,1.56
0.5,0.1,Inf,0.785,0.10842585427100038,0.3789128964431888,1.57
0.5,0.1,Inf,0.79,0.10740982535720112,0.3759750769140807,1.58
0.5,0.1,Inf,0.795,0.10641053105632725,0.37305615732660635,1.59
0.5,0.1,Inf,0.8,0.10542760813758534,0.3701562118716425,1.6
0.5,0.1,Inf,0.805,0.10446070243808658,0.3672753117424796,1.61
0.5,0.1,Inf,0.81,0.10350946863163446,0.36441352507368874,1.62
0.5,0.1,Inf,0.815,0.10257357000230571,0.36157091688212517,1.63
0.5,0.1,Inf,0.82,0.10165267822283597,0.3587475490101846,1.64
0.5,0.1,Inf,0.825,0.10074647313781604,0.35594348007142496,1.65
0.5,0.1,Inf,0.83,0.09985464255168619,0.35315876539866076,1.66
0.5,0.1,Inf,0.835,0.09897688202151356,0.3503934569946353,1.67
0.5,0.1,Inf,0.84,0.098112894654524,0.3476476034853718,1.68
0.5,0.1,Inf,0.845,0.09726239091035482,0.3449212500762985,1.69
0.5,0.1,Inf,0.85,0.09642508840798625,0.342214438511238,1.7
0.5,0.1,Inf,0.855,0.09560071173730489,0.33952720703434913,1.71
0.5,0.1,Inf,0.86,0.09478899227524373,0.33685959035509727,1.72
0.5,0.1,Inf,0.865,0.0939896680064426,0.3342116196163317,1.73
0.5,0.1,Inf,0.87,0.0932024833483659,0.33158332236553467,1.74
0.5,0.1,Inf,0.875,0.09242718898081026,0.32897472252930415,1.75
0.5,0.1,Inf,0.88,0.09166354167973345,0.3263858403911275,1.76
0.5,0.1,Inf,0.885,0.09091130415533255,0.32381669257249135,1.77
0.5,0.1,Inf,0.89,0.09017024489429537,0.32126729201736937,1.78
0.5,0.1,Inf,0.895,0.08944013800614992,0.3187376479801227,1.79
0.5,0.1,Inf,0.9,0.08872076307363286,0.316227766016838,1.8
0.5,0.1,Inf,0.905,0.08801190500699729,0.3137376479801227,1.81
0.5,0.1,Inf,0.91,0.08731335390218031,0.31126729201736947,1.82
0.5,0.1,Inf,0.915,0.08662490490274832,0.30881669257249134,1.83
0.5,0.1,Inf,0.92,0.08594635806553952,0.3063858403911275,1.84
0.5,0.1,Inf,0.925,0.08527751822992091,0.303974722529304,1.85
0.5,0.1,Inf,0.93,0.08461819489057942,0.30158332236553465,1.86
0.5,0.1,Inf,0.935,0.08396820207376399,0.2992116196163317,1.87
0.5,0.1,Inf,0.94,0.08332735821689963,0.29685959035509724,1.88
0.5,0.1,Inf,0.945,0.08269548605149124,0.2945272070343491,1.89
0.5,0.1,Inf,0.95,0.08207241248923813,0.2922144385112381,1.9
0.5,0.1,Inf,0.955,0.08145796851128018,0.28992125007629854,1.91
0.5,0.1,Inf,0.96,0.08085198906049695,0.2876476034853718,1.92
0.5,0.1,Inf,0.965,0.08025431293678364,0.28539345699463525,1.93
0.5,0.1,Inf,0.97,0.07966478269522614,0.2831587653986607,1.94
0.5,0.1,Inf,0.975,0.07908324454710214,0.280943480071425,1.95
0.5,0.1,Inf,0.98,0.07850954826363243,0.2787475490101846,1.96
0.5,0.1,Inf,0.985,0.07794354708241236,0.2765709168821252,1.97
0.5,0.1,Inf,0.99,0.07738509761644885,0.27441352507368877,1.98
0.5,0.1,Inf,0.995,0.07683405976573743,0.27227531174247965,1.99
0.5,0.1,Inf,1.0,0.07629029663130626,0.2701562118716425,2.0
1.0,0.1,Inf,0.0,1.0,1.0,0.0
1.0,0.1,Inf,0.005,0.990937269831261,0.9954564307497449,0.005
1.0,0.1,Inf,0.01,0.9819309156758614,0.9909166603063145,0.01
1.0,0.1,Inf,0.015,0.9729809640487185,0.9863807314108489,0.015
1.0,0.1,Inf,0.02,0.9640874404681349,0.9818486873657627,0.02
1.0,0.1,Inf,0.025,0.9552503693972129,0.9773205720422296,0.025
1.0,0.1,Inf,0.03,0.9464697741947709,0.9727964298877411,0.03
1.0,0.1,Inf,0.035,0.9377456770629978,0.9682763059337357,0.035
1.0,0.1,Inf,0.04,0.9290780989938933,0.9637602458033007,0.04
1.0,0.1,Inf,0.045,0.9204670597143382,0.9592482957189425,0.045
1.0,0.1,Inf,0.05,0.9119125776298419,0.9547405025104273,0.05
1.0,0.1,Inf,0.055,0.9034146697665133,0.9502369136226876,0.055
1.0,0.1,Inf,0.06,0.8949733517124683,0.9457375771237966,0.06
1.0,0.1,Inf,0.065,0.8865886375570327,0.9412425417130061,0.065
1.0,0.1,Inf,0.07,0.8782605398292486,0.9367518567288476,0.07
1.0,0.1,Inf,0.075,0.8699890694346335,0.9322655721572948,0.075
1.0,0.1,Inf,0.08,0.8617742355908177,0.9277837386399848,0.08
1.0,0.1,Inf,0.085,0.8536160457618204,0.9233064074824973,0.085
1.0,0.1,Inf,0.09,0.8455145055909439,0.9188336306626883,0.09
1.0,0.1,Inf,0.095,0.8374696188325277,0.9143654608390763,0.095
1.0,0.1,Inf,0.1,0.8294813872822989,0.9099019513592785,0.1
1.0,0.1,Inf,0.105,0.8215498107066048,0.9054431562684943,0.105
1.0,0.1,Inf,0.11,0.8136748867703595,0.9009891303180336,0.11
1.0,0.1,Inf,0.115,0.8058566109638725,0.8965399289738859,0.115
1.0,0.1,Inf,0.12,0.798094976528518,0.8920956084253278,0.12
1.0,0.1,Inf,0.125,0.7903899743813084,0.8876562255935639,0.125
1.0,0.1,Inf,0.13,0.7827415930384186,0.8832218381404011,0.13
1.0,0.1,Inf,0.135,0.7751498185377409,0.8787925044769466,0.135
1.0,0.1,Inf,0.14,0.7676146343604094,0.874368283772331,0.14
1.0,0.1,Inf,0.145,0.7601360213515371,0.8699492359624492,0.145
1.0,0.1,Inf,0.15,0.7527139576400353,0.8655354217587146,0.15
1.0,0.1,Inf,0.155,0.7453484185577023,0.8611269026568226,0.155
1.0,0.1,Inf,0.16,0.738039376557619,0.8567237409455183,0.16
1.0,0.1,Inf,0.165,0.7307868011319145,0.8523259997153618,0.165
1.0,0.1,Inf,0.17,0.723590658728989,0.8479337428674869,0.17
1.0,0.1,Inf,0.175,0.7164509126702769,0.8435470351223464,0.175
1.0,0.1,Inf,0.18,0.7093675230666467,0.8391659420284376,0.18
1.0,0.1,Inf,0.185,0.7023404467345196,0.834790529971002,0.185
1.0,0.1,Inf,0.19,0.6953696371118094,0.8304208661806927,0.19
1.0,0.1,Inf,0.195,0.6884550441737908,0.8260570187421996,0.195
1.0,0.1,Inf,0.2,0.6815966143489975,0.8216990566028302,0.2
1.0,0.1,Inf,0.205,0.6747942904352624,0.8173470495810312,0.205
1.0,0.1,Inf,0.21,0.6680480115160193,0.813001068374849,0.21
1.0,0.1,Inf,0.215,0.6613577128769936,0.8086611845703158,0.215
1.0,0.1,Inf,0.22,0.6547233259233888,0.8043274706497561,0.22
1.0,0.1,Inf,0.225,0.6481447780977205,0.8,0.225
1.0,0.1,Inf,0.23,0.6416219927984119,0.7956788469204984,0.23
1.0,0.1,Inf,0.235,0.6351548892993074,0.7913640866313248,0.235
1.0,0.1,Inf,0.24,0.6287433826702286,0.7870557952810575,0.24
1.0,0.1,Inf,0.245,0.622387383698721,0.7827540499545281,0.245
1.0,0.1,Inf,0.25,0.616086798813159,0.7784589286804264,0.25
1.0,0.1,Inf,0.255,0.6098415300073194,0.7741705104387488,0.255
1.0,0.1,Inf,0.26,0.6036514747666261,0.7698888751680797,0.26
1.0,0.1,Inf,0.265,0.597516525996175,0.7656141037726887,0.265
1.0,0.1,Inf,0.27,0.5914365719507277,0.7613462781294361,0.27
1.0,0.1,Inf,0.275,0.5854114961668242,0.7570854810944685,0.275
1.0,0.1,Inf,0.28,0.5794411773971694,0.7528317965096906,0.28
1.0,0.1,Inf,0.285,0.5735254895474571,0.748585309209001,0.285
1.0,0.1,Inf,0.29,0.5676643016158034,0.7443461050242736,0.29
1.0,0.1,Inf,0.295,0.5618574776349252,0.7401142707910702,0.295
1.0,0.1,Inf,0.3,0.5561048766172559,0.7358898943540674,0.3
1.0,0.1,Inf,0.305,0.5504063525031294,0.7316730645721818,0.305
1.0,0.1,Inf,0.31,0.5447617541122123,0.7274638713233743,0.31
1.0,0.1,Inf,0.315,0.539170925098316,0.7232624055091159,0.315
1.0,0.1,Inf,0.32,0.5336337039077713,0.7190687590584988,0.32
1.0,0.1,Inf,0.325,0.5281499237414812,0.714883024931969,0.325
1.0,0.1,Inf,0.33,0.5227194125208312,0.7107052971246658,0.33
1.0,0.1,Inf,0.335,0.5173419928575649,0.7065356706693435,0.335
1.0,0.1,Inf,0.34,0.5120174820277934,0.7023742416388575,0.34
1.0,0.1,Inf,0.345,0.5067456919502409,0.6982211071481914,0.345
1.0,0.1,Inf,0.35,0.5015264291688755,0.6940763653560054,0.35
1.0,0.1,Inf,0.355,0.4963594948400206,0.6899401154656797,0.355
1.0,0.1,Inf,0.36,0.4912446847240811,0.6858124577258358,0.36
1.0,0.1,Inf,0.365,0.4861817891819662,0.6816934934303049,0.365
1.0,0.1,Inf,0.37,0.4811705931763215,0.677583324917525,0.37
1.0,0.1,Inf,0.375,0.47621087627764325,0.6734820555693399,0.375
1.0,0.1,Inf,0.38,0.47130241267536555,0.6693897898091744,0.38
1.0,0.1,Inf,0.385,0.46644497119397543,0.6653066330995611,0.385
1.0,0.1,Inf,0.39,0.4616383153142224,0.661232691938992,0.39
1.0,0.1,Inf,0.395,0.4568822031994698,0.6571680738580695,0.395
1.0,0.1,Inf,0.4,0.4521763877272188,0.6531128874149275,0.4
1.0,0.1,Inf,0.405,0.4475206165258401,0.6490672421898978,0.405
1.0,0.1,Inf,0.41,0.4429146320165168,0.6450312487793923,0.41
1.0,0.1,Inf,0.415,0.4383581714604142,0.6410050187889733,0.415
1.0,0.1,Inf,0.42,0.43385096701105785,0.6369886648255842,0.42
1.0,0.1,Inf,0.425,0.42939274577190445,0.6329823004889094,0.425
1.0,0.1,Inf,0.43,0.4249832298590739,0.6289860403618383,0.43
1.0,0.1,Inf,0.435,0.42062213646919255,0.625,0.435
1.0,0.1,Inf,0.44,0.4163091779523005,0.6210242959203431,0.44
1.0,0.1,Inf,0.445,0.4120440618897452,0.6170590455887272,0.445
1.0,0.1,Inf,0.45,0.40782649117698855,0.6131043674065006,0.45
1.0,0.1,Inf,0.455,0.4036561641112333,0.6091603806960315,0.455
1.0,0.1,Inf,0.46,0.3995327744837607,0.6052272056851644,0.46
1.0,0.1,Inf,0.465,0.39545601167687583,0.6013049634905729,0.465
1.0,0.1,Inf,0.47,0.3914255607653241,0.5973937760999779,0.47
1.0,0.1,Inf,0.475,0.38744110262204934,0.5934937663532043,0.475
1.0,0.1,Inf,0.48,0.38350231402814317,0.5896050579220461,0.48
1.0,0.1,Inf,0.485,0.3796088677868341,0.5857277752889124,0.485
1.0,0.1,Inf,0.49,0.3757604328413492,0.5818620437242255,0.49
1.0,0.1,Inf,0.495,0.3719566743964684,0.5780079892625456,0.495
1.0,0.1,Inf,0.5,0.3681972540435994,0.5741657386773942,0.5
1.0,0.1,Inf,0.505,0.36448182988917444,0.5703354194547509,0.505
1.0,0.1,Inf,0.51,0.3608100566861757,0.5665171597651985,0.51
1.0,0.1,Inf,0.515,0.35718158596858485,0.5627110884346929,0.515
1.0,0.1,Inf,0.52,0.35359606618854533,0.5589173349139344,0.52
1.0,0.1,Inf,0.525,0.35005314285602773,0.5551360292463186,0.525
1.0,0.1,Inf,0.53,0.34655245868077167,0.5513673020344474,0.53
1.0,0.1,Inf,0.535,0.34309365371628986,0.5476112844051797,0.535
1.0,0.1,Inf,0.54,0.3396763655057037,0.5438681079732051,0.54
1.0,0.1,Inf,0.545,0.3363002292291801,0.5401379048031245,0.545
1.0,0.1,Inf,0.55,0.33296487785274864,0.5364208073700241,0.55
1.0,0.1,Inf,0.555,0.32966994227825897,0.5327169485185282,0.555
1.0,0.1,Inf,0.56,0.3264150514942561,0.5290264614203248,0.56
1.0,0.1,Inf,0.565,0.32319983272753783,0.5253494795301511,0.565
1.0,0.1,Inf,0.57,0.3200239115951695,0.5216861365402363,0.57
1.0,0.1,Inf,0.575,0.3168869122567277,0.5180365663331974,0.575
1.0,0.1,Inf,0.58,0.31378845756655016,0.5144009029333871,0.58
1.0,0.1,Inf,0.585,0.3107281692257703,0.5107792804566947,0.585
1.0,0.1,Inf,0.59,0.3077056679339195,0.5071718330588068,0.59
1.0,0.1,Inf,0.595,0.30472057353988513,0.503578694881931,0.595
1.0,0.1,Inf,0.6,0.3017725051920167,0.5000000000000001,0.6
1.0,0.1,Inf,0.605,0.29886108148717927,0.4964358823623618,0.605
1.0,0.1,Inf,0.61,0.29598592061855444,0.4928864757359792,0.61
1.0,0.1,Inf,0.615,0.29314664052200357,0.4893519136461554,0.615
1.0,0.1,Inf,0.62,0.2903428590208087,0.48583232931581166,0.62
1.0,0.1,Inf,0.625,0.2875741939686153,0.482327855603343,0.625
1.0,0.1,Inf,0.63,0.284840263390407,0.4788386249390839,0.63
1.0,0.1,Inf,0.635,0.28214068562135697,0.4753647692604185,0.635
1.0,0.1,Inf,0.64,0.2794750794433989,0.47190641994557514,0.64
1.0,0.1,Inf,0.645,0.27684306421937466,0.4684637077461471,0.645
1.0,0.1,Inf,0.65,0.2742442600246249,0.4650367627183861,0.65
1.0,0.1,Inf,0.655,0.2716782877758951,0.461625714153321,0.655
1.0,0.1,Inf,0.66,0.26914476935743614,0.45823069050575527,0.66
1.0,0.1,Inf,0.665,0.26664332774419475,0.45485181932220253,0.665
1.0,0.1,Inf,0.67,0.264173587121989,0.4514892271678248,0.67
1.0,0.1,Inf,0.675,0.2617351730045797,0.44814303955243884,0.675
1.0,0.1,Inf,0.68,0.2593277123475528,0.44481338085566413,0.68
1.0,0.1,Inf,0.685,0.25695083365894045,0.4415003742512873,0.685
1.0,0.1,Inf,0.69,0.25460416710651324,0.4382041416309228,0.69
1.0,0.1,Inf,0.695,0.2522873446216878,0.4349248035270534,0.695
1.0,0.1,Inf,0.7,0.25,0.4316624790355401,0.7
1.0,0.1,Inf,0.705,0.24774176899810407,0.4284172857376901,0.705
1.0,0.1,Inf,0.71,0.245512289427263,0.42518933962198124,0.71
1.0,0.1,Inf,0.715,0.24331120124330852,0.42197875500553905,0.715
1.0,0.1,Inf,0.72,0.241138146633051,0.41878564445547206,0.72
1.0,0.1,Inf,0.725,0.23899277009712905,0.4156101187101672,0.725
1.0,0.1,Inf,0.73,0.2368747185292983,0.4124522866006588,0.73
1.0,0.1,Inf,0.735,0.23478364129215956,0.40931225497217816,0.735
1.0,0.1,Inf,0.74,0.23271919028934063,0.4061901286060018,0.74
1.0,0.1,Inf,0.745,0.23068102003414515,0.4030860101417135,0.745
1.0,0.1,Inf,0.75,0.2286687877146919,0.4,0.75
1.0,0.1,Inf,0.755,0.22668215325557295,0.3969321963061003,0.755
1.0,0.1,Inf,0.76,0.22472077937606372,0.39388269481403293,0.76
1.0,0.1,Inf,0.765,0.2227843316449225,0.39085158883172355,0.765
1.0,0.1,Inf,0.77,0.2208724785318229,0.38783896914715854,0.77
1.0,0.1,Inf,0.775,0.2189848914554664,0.3848449239556907,0.775
1.0,0.1,Inf,0.78,0.21712124482842587,0.3818695387886216,0.78
1.0,0.1,Inf,0.785,0.21528121609877537,0.3789128964431888,0.785
1.0,0.1,Inf,0.79,0.21346448578856436,0.3759750769140807,0.79
1.0,0.1,Inf,0.795,0.21167073752919763,0.37305615732660635,0.795
1.0,0.1,Inf,0.8,0.2098996580937862,0.3701562118716425,0.8
1.0,0.1,Inf,0.805,0.20815093742653423,0.3672753117424796,0.805
1.0,0.1,Inf,0.81,0.2064242686692327,0.36441352507368874,0.81
1.0,0.1,Inf,0.815,0.2047193481849302,0.36157091688212517,0.815
1.0,0.1,Inf,0.82,0.20303587557885405,0.3587475490101846,0.82
1.0,0.1,Inf,0.825,0.20137355371665522,0.35594348007142496,0.825
1.0,0.1,Inf,0.83,0.19973208874005333,0.35315876539866076,0.83
1.0,0.1,Inf,0.835,0.19811119007995837,0.3503934569946353,0.835
1.0,0.1,Inf,0.84,0.19651057046714515,0.3476476034853718,0.84
1.0,0.1,Inf,0.845,0.19492994594056023,0.3449212500762985,0.845
1.0,0.1,Inf,0.85,0.1933690358533381,0.342214438511238,0.85
1.0,0.1,Inf,0.855,0.1918275628766054,0.33952720703434913,0.855
1.0,0.1,Inf,0.86,0.19030525300115153,0.33685959035509727,0.86
1.0,0.1,Inf,0.865,0.18880183553704488,0.3342116196163317,0.865
1.0,0.1,Inf,0.87,0.18731704311126995,0.33158332236553467,0.87
1.0,0.1,Inf,0.875,0.18585061166346573,0.32897472252930415,0.875
1.0,0.1,Inf,0.88,0.1844022804398403,0.3263858403911275,0.88
1.0,0.1,Inf,0.885,0.1829717919853383,0.32381669257249135,0.885
1.0,0.1,Inf,0.89,0.181558892134135,0.32126729201736937,0.89
1.0,0.1,Inf,0.895,0.18016332999853446,0.3187376479801227,0.895
1.0,0.1,Inf,0.9,0.17878485795634025,0.316227766016838,0.9
1.0,0.1,Inf,0.905,0.17742323163677487,0.3137376479801227,0.905
1.0,0.1,Inf,0.91,0.17607820990501533,0.31126729201736947,0.91
1.0,0.1,Inf,0.915,0.1747495548454162,0.30881669257249134,0.915
1.0,0.1,Inf,0.92,0.17343703174348668,0.3063858403911275,0.92
1.0,0.1,Inf,0.925,0.1721404090666897,0.303974722529304,0.925
1.0,0.1,Inf,0.93,0.17085945844412598,0.30158332236553465,0.93
1.0,0.1,Inf,0.935,0.16959395464516758,0.2992116196163317,0.935
1.0,0.1,Inf,0.94,0.1683436755571036,0.29685959035509724,0.94
1.0,0.1,Inf,0.945,0.16710840216185618,0.2945272070343491,0.945
1.0,0.1,Inf,0.95,0.16588791851182683,0.2922144385112381,0.95
1.0,0.1,Inf,0.955,0.1646820117049299,0.28992125007629854,0.955
1.0,0.1,Inf,0.96,0.16349047185886767,0.2876476034853718,0.96
1.0,0.1,Inf,0.965,0.16231309208470102,0.28539345699463525,0.965
1.0,0.1,Inf,0.97,0.16114966845976808,0.2831587653986607,0.97
1.0,0.1,Inf,0.975,0.16000000000000003,0.280943480071425,0.975
1.0,0.1,Inf,0.98,0.15886388863168333,0.2787475490101846,0.98
1.0,0.1,Inf,0.985,0.1577411391627146,0.2765709168821252,0.985
1.0,0.1,Inf,0.99,0.15663155925339411,0.27441352507368877,0.99
1.0,0.1,Inf,0.995,0.15553495938680073,0.27227531174247965,0.995
1.0,0.1,Inf,1.0,0.15445115283879074,0.2701562118716425,1.0
2.0,0.1,Inf,0.0,1.0,1.0,0.0
2.0,0.1,Inf,0.005,0.993196379269739,0.9954564307497449,0.0025
2.0,0.1,Inf,0.01,0.9864218981820786,0.9909166603063145,0.005
2.0,0.1,Inf,0.015,0.9796765829057649,0.9863807314108489,0.0075
2.0,0.1,Inf,0.02,0.9729604596003082,0.9818486873657627,0.01
2.0,0.1,Inf,0.025,0.9662735543911681,0.9773205720422296,0.0125
2.0,0.1,Inf,0.03,0.9596158933670539,0.9727964298877411,0.015
2.0,0.1,Inf,0.035,0.9529875025718749,0.9682763059337357,0.0175
2.0,0.1,Inf,0.04,0.946388407994507,0.9637602458033007,0.02
2.0,0.1,Inf,0.045,0.9398186355613062,0.9592482957189425,0.0225
2.0,0.1,Inf,0.05,0.9332782111258425,0.9547405025104273,0.025
2.0,0.1,Inf,0.055,0.9267671604601103,0.9502369136226876,0.0275
2.0,0.1,Inf,0.06,0.9202855092443706,0.9457375771237966,0.03
2.0,0.1,Inf,0.065,0.9138332830571653,0.9412425417130061,0.0325
2.0,0.1,Inf,0.07,0.9074105073649198,0.9367518567288476,0.035
2.0,0.1,Inf,0.075,0.9010172075112205,0.9322655721572948,0.0375
2.0,0.1,Inf,0.08,0.8946534087058726,0.9277837386399848,0.04
2.0,0.1,Inf,0.085,0.8883191360134628,0.9233064074824973,0.0425
2.0,0.1,Inf,0.09,0.8820144143418144,0.9188336306626883,0.045
2.0,0.1,Inf,0.095,0.8757392684299156,0.9143654608390763,0.0475
2.0,0.1,Inf,0.1,0.8694937228356444,0.9099019513592785,0.05
2.0,0.1,Inf,0.105,0.8632778019231442,0.9054431562684943,0.0525
2.0,0.1,Inf,0.11,0.8570915298497401,0.9009891303180336,0.055
2.0,0.1,Inf,0.115,0.8509349305527061,0.8965399289738859,0.0575
2.0,0.1,Inf,0.12,0.8448080277354788,0.8920956084253278,0.06
2.0,0.1,Inf,0.125,0.8387108448536852,0.8876562255935639,0.0625
2.0,0.1,Inf,0.13,0.8326434051006912,0.8832218381404011,0.065
2.0,0.1,Inf,0.135,0.826605731392888,0.8787925044769466,0.0675
2.0,0.1,Inf,0.14,0.8205978463544792,0.874368283772331,0.07
2.0,0.1,Inf,0.145,0.8146197723020778,0.8699492359624492,0.0725
2.0,0.1,Inf,0.15,0.80867153122879,0.8655354217587146,0.075
2.0,0.1,Inf,0.155,0.8027531447879785,0.8611269026568226,0.0775
2.0,0.1,Inf,0.16,0.7968646342766481,0.8567237409455183,0.08
2.0,0.1,Inf,0.165,0.7910060206184639,0.8523259997153618,0.0825
2.0,0.1,Inf,0.17,0.7851773243463627,0.8479337428674869,0.085
2.0,0.1,Inf,0.175,0.7793785655848054,0.8435470351223464,0.0875
2.0,0.1,Inf,0.18,0.7736097640316426,0.8391659420284376,0.09
2.0,0.1,Inf,0.185,0.7678709389395986,0.834790529971002,0.0925
2.0,0.1,Inf,0.19,0.7621621090973657,0.8304208661806927,0.095
2.0,0.1,Inf,0.195,0.756483292810324,0.8260570187421996,0.0975
2.0,0.1,Inf,0.2,0.7508345078808796,0.8216990566028302,0.1
2.0,0.1,Inf,0.205,0.7452157715884163,0.8173470495810312,0.1025
2.0,0.1,Inf,0.21,0.7396271006688624,0.813001068374849,0.105
2.0,0.1,Inf,0.215,0.7340685112939088,0.8086611845703158,0.1075
2.0,0.1,Inf,0.22,0.728540019049811,0.8043274706497561,0.11
2.0,0.1,Inf,0.225,0.7230416389158466,0.8,0.1125
2.0,0.1,Inf,0.23,0.7175733852424114,0.7956788469204984,0.115
2.0,0.1,Inf,0.235,0.7121352717287162,0.7913640866313248,0.1175
2.0,0.1,Inf,0.24,0.706727311400161,0.7870557952810575,0.12
2.0,0.1,Inf,0.245,0.701349516585337,0.7827540499545281,0.1225
2.0,0.1,Inf,0.25,0.6960018988926833,0.7784589286804264,0.125
2.0,0.1,Inf,0.255,0.6906844691868006,0.7741705104387488,0.1275
2.0,0.1,Inf,0.26,0.6853972375644434,0.7698888751680797,0.13
2.0,0.1,Inf,0.265,0.6801402133301663,0.7656141037726887,0.1325
2.0,0.1,Inf,0.27,0.674913404971666,0.7613462781294361,0.135
2.0,0.1,Inf,0.275,0.6697168201348148,0.7570854810944685,0.1375
2.0,0.1,Inf,0.28,0.6645504655983953,0.7528317965096906,0.14
2.0,0.1,Inf,0.285,0.6594143472485472,0.748585309209001,0.1425
2.0,0.1,Inf,0.29,0.6543084700529376,0.7443461050242736,0.145
2.0,0.1,Inf,0.295,0.649232838034675,0.7401142707910702,0.1475
2.0,0.1,Inf,0.3,0.6441874542459702,0.7358898943540674,0.15
2.0,0.1,Inf,0.305,0.639172320741567,0.7316730645721818,0.1525
2.0,0.1,Inf,0.31,0.6341874385519385,0.7274638713233743,0.155
2.0,0.1,Inf,0.315,0.629232807656305,0.7232624055091159,0.1575
2.0,0.1,Inf,0.32,0.6243084269554371,0.7190687590584988,0.16
2.0,0.1,Inf,0.325,0.6194142942443163,0.714883024931969,0.1625
2.0,0.1,Inf,0.33,0.6145504061846141,0.7107052971246658,0.165
2.0,0.1,Inf,0.335,0.6097167582770686,0.7065356706693435,0.1675
2.0,0.1,Inf,0.34,0.6049133448337307,0.7023742416388575,0.17
2.0,0.1,Inf,0.345,0.6001401589501267,0.6982211071481914,0.1725
2.0,0.1,Inf,0.35,0.5953971924773451,0.6940763653560054,0.175
2.0,0.1,Inf,0.355,0.5906844359940877,0.6899401154656797,0.1775
2.0,0.1,Inf,0.36,0.5860018787786884,0.6858124577258358,0.18
2.0,0.1,Inf,0.365,0.58134950878114,0.6816934934303049,0.1825
2.0,0.1,Inf,0.37,0.5767273125951438,0.677583324917525,0.185
2.0,0.1,Inf,0.375,0.5721352754302136,0.6734820555693399,0.1875
2.0,0.1,Inf,0.38,0.56757338108386,0.6693897898091744,0.19
2.0,0.1,Inf,0.385,0.5630416119138834,0.6653066330995611,0.1925
2.0,0.1,Inf,0.39,0.5585399488107972,0.661232691938992,0.195
2.0,0.1,Inf,0.395,0.5540683711704271,0.6571680738580695,0.1975
2.0,0.1,Inf,0.4,0.5496268568666913,0.6531128874149275,0.2
2.0,0.1,Inf,0.405,0.5452153822246177,0.6490672421898978,0.2025
2.0,0.1,Inf,0.41,0.5408339219936125,0.6450312487793923,0.205
2.0,0.1,Inf,0.415,0.536482449321017,0.6410050187889733,0.2075
2.0,0.1,Inf,0.42,0.5321609357259864,0.6369886648255842,0.21
2.0,0.1,Inf,0.425,0.5278693510737249,0.6329823004889094,0.2125
2.0,0.1,Inf,0.43,0.5236076635501017,0.6289860403618383,0.215
2.0,0.1,Inf,0.435,0.5193758396366932,0.625,0.2175
2.0,0.1,Inf,0.44,0.515173844086279,0.6210242959203431,0.22
2.0,0.1,Inf,0.445,0.5110016398988231,0.6170590455887272,0.2225
2.0,0.1,Inf,0.45,0.5068591882979911,0.6131043674065006,0.225
2.0,0.1,Inf,0.455,0.5027464487082106,0.6091603806960315,0.2275
2.0,0.1,Inf,0.46,0.4986633787323418,0.6052272056851644,0.23
2.0,0.1,Inf,0.465,0.49460993412996634,0.6013049634905729,0.2325
2.0,0.1,Inf,0.47,0.4905860687963506,0.5973937760999779,0.235
2.0,0.1,Inf,0.475,0.48659173474210304,0.5934937663532043,0.2375
2.0,0.1,Inf,0.48,0.4826268820735673,0.5896050579220461,0.24
2.0,0.1,Inf,0.485,0.47869145897399534,0.5857277752889124,0.2425
2.0,0.1,Inf,0.49,0.4747854116855105,0.5818620437242255,0.245
2.0,0.1,Inf,0.495,0.47090868449192425,0.5780079892625456,0.2475
2.0,0.1,Inf,0.5,0.4670612197024192,0.5741657386773942,0.25
2.0,0.1,Inf,0.505,0.4632429576361422,0.5703354194547509,0.2525
2.0,0.1,Inf,0.51,0.4594538366077353,0.5665171597651985,0.255
2.0,0.1,Inf,0.515,0.45569379291384193,0.5627110884346929,0.2575
2.0,0.1,Inf,0.52,0.4519627608206136,0.5589173349139344,0.26
2.0,0.1,Inf,0.525,0.4482606725522553,0.5551360292463186,0.2625
2.0,0.1,Inf,0.53,0.4445874582806302,0.5513673020344474,0.265
2.0,0.1,Inf,0.535,0.440943046115962,0.5476112844051797,0.2675
2.0,0.1,Inf,0.54,0.4373273620986545,0.5438681079732051,0.27
2.0,0.1,Inf,0.545,0.43374033019226366,0.5401379048031245,0.2725
2.0,0.1,Inf,0.55,0.4301818722776346,0.5364208073700241,0.275
2.0,0.1,Inf,0.555,0.4266519081482437,0.5327169485185282,0.2775
2.0,0.1,Inf,0.56,0.42315035550675606,0.5290264614203248,0.28
2.0,0.1,Inf,0.565,0.419677129962824,0.5253494795301511,0.2825
2.0,0.1,Inf,0.57,0.4162321450321488,0.5216861365402363,0.285
2.0,0.1,Inf,0.575,0.4128153121368182,0.5180365663331974,0.2875
2.0,0.1,Inf,0.58,0.4094265406069403,0.5144009029333871,0.29
2.0,0.1,Inf,0.585,0.4060657376835922,0.5107792804566947,0.2925
2.0,0.1,Inf,0.59,0.4027328085230837,0.5071718330588068,0.295
2.0,0.1,Inf,0.595,0.3994276562025636,0.503578694881931,0.2975
2.0,0.1,Inf,0.6,0.39615018172696437,0.5000000000000001,0.3
2.0,0.1,Inf,0.605,0.3929002840373039,0.4964358823623618,0.3025
2.0,0.1,Inf,0.61,0.38967786002033733,0.4928864757359792,0.305
2.0,0.1,Inf,0.615,0.3864828045195762,0.4893519136461554,0.3075
2.0,0.1,Inf,0.62,0.3833150103476659,0.48583232931581166,0.31
2.0,0.1,Inf,0.625,0.38017436830012596,0.482327855603343,0.3125
2.0,0.1,Inf,0.63,0.37706076717044834,0.4788386249390839,0.315
2.0,0.1,Inf,0.635,0.3739740937665501,0.4753647692604185,0.3175
2.0,0.1,Inf,0.64,0.3709142329285764,0.47190641994557514,0.32
2.0,0.1,Inf,0.645,0.3678810675480362,0.4684637077461471,0.3225
2.0,0.1,Inf,0.65,0.3648744785882707,0.4650367627183861,0.325
2.0,0.1,Inf,0.655,0.3618943451062345,0.461625714153321,0.3275
2.0,0.1,Inf,0.66,0.35894054427557576,0.45823069050575527,0.33
2.0,0.1,Inf,0.665,0.356012951410998,0.45485181932220253,0.3325
2.0,0.1,Inf,0.67,0.3531114399938855,0.4514892271678248,0.335
2.0,0.1,Inf,0.675,0.35023588169917086,0.44814303955243884,0.3375
2.0,0.1,Inf,0.68,0.3473861464234198,0.44481338085566413,0.34
2.0,0.1,Inf,0.685,0.3445621023141088,0.4415003742512873,0.3425
2.0,0.1,Inf,0.69,0.341763615800071,0.4382041416309228,0.345
2.0,0.1,Inf,0.695,0.3389905516230761,0.4349248035270534,0.3475
2.0,0.1,Inf,0.7,0.3362427728705224,0.4316624790355401,0.35
2.0,0.1,Inf,0.705,0.3335201410091957,0.4284172857376901,0.3525
2.0,0.1,Inf,0.71,0.33082251592007794,0.42518933962198124,0.355
2.0,0.1,Inf,0.715,0.3281497559341512,0.42197875500553905,0.3575
2.0,0.1,Inf,0.72,0.3255017178691777,0.41878564445547206,0.36
2.0,0.1,Inf,0.725,0.3228782570674057,0.4156101187101672,0.3625
2.0,0.1,Inf,0.73,0.32027922743416537,0.4124522866006588,0.365
2.0,0.1,Inf,0.735,0.31770448147731556,0.40931225497217816,0.3675
2.0,0.1,Inf,0.74,0.3151538703474953,0.4061901286060018,0.37
2.0,0.1,Inf,0.745,0.312627243879141,0.4030860101417135,0.3725
2.0,0.1,Inf,0.75,0.3101244506322228,0.4,0.375
2.0,0.1,Inf,0.755,0.30764533793465554,0.3969321963061003,0.3775
2.0,0.1,Inf,0.76,0.3051897519253395,0.39388269481403293,0.38
2.0,0.1,Inf,0.765,0.30275753759778257,0.39085158883172355,0.3825
2.0,0.1,Inf,0.77,0.3003485388442608,0.38783896914715854,0.385
2.0,0.1,Inf,0.775,0.29796259850046525,0.3848449239556907,0.3875
2.0,0.1,Inf,0.78,0.2955995583905908,0.3818695387886216,0.39
2.0,0.1,Inf,0.785,0.2932592593728167,0.3789128964431888,0.3925
2.0,0.1,Inf,0.79,0.2909415413851346,0.3759750769140807,0.395
2.0,0.1,Inf,0.795,0.28864624349146906,0.37305615732660635,0.3975
2.0,0.1,Inf,0.8,0.2863732039280503,0.3701562118716425,0.4
2.0,0.1,Inf,0.805,0.28412226014998576,0.3672753117424796,0.4025
2.0,0.1,Inf,0.81,0.2818932488779837,0.36441352507368874,0.405
2.0,0.1,Inf,0.815,0.27968600614518435,0.36157091688212517,0.4075
2.0,0.1,Inf,0.82,0.2775003673440465,0.3587475490101846,0.41
2.0,0.1,Inf,0.825,0.27533616727324917,0.35594348007142496,0.4125
2.0,0.1,Inf,0.83,0.2731932401845577,0.35315876539866076,0.415
2.0,0.1,Inf,0.835,0.2710714198296098,0.3503934569946353,0.4175
2.0,0.1,Inf,0.84,0.2689705395065801,0.3476476034853718,0.42
2.0,0.1,Inf,0.845,0.2668904321066765,0.3449212500762985,0.4225
2.0,0.1,Inf,0.85,0.26483093016042636,0.342214438511238,0.425
2.0,0.1,Inf,0.855,0.26279186588371306,0.33952720703434913,0.4275
2.0,0.1,Inf,0.86,0.2607730712235181,0.33685959035509727,0.43
2.0,0.1,Inf,0.865,0.25877437790333246,0.3342116196163317,0.4325
2.0,0.1,Inf,0.87,0.256795617468199,0.33158332236553467,0.435
2.0,0.1,Inf,0.875,0.25483662132934615,0.32897472252930415,0.4375
2.0,0.1,Inf,0.88,0.2528972208083782,0.3263858403911275,0.44
2.0,0.1,Inf,0.885,0.2509772471809899,0.32381669257249135,0.4425
2.0,0.1,Inf,0.89,0.24907653172016675,0.32126729201736937,0.445
2.0,0.1,Inf,0.895,0.2471949057388454,0.3187376479801227,0.4475
2.0,0.1,Inf,0.9,0.24533220063199768,0.316227766016838,0.45
2.0,0.1,Inf,0.905,0.24348824791811408,0.3137376479801227,0.4525
2.0,0.1,Inf,0.91,0.24166287928005437,0.31126729201736947,0.455
2.0,0.1,Inf,0.915,0.23985592660524502,0.30881669257249134,0.4575
2.0,0.1,Inf,0.92,0.23806722202519115,0.3063858403911275,0.46
2.0,0.1,Inf,0.925,0.23629659795428692,0.303974722529304,0.4625
2.0,0.1,Inf,0.93,0.23454388712789787,0.30158332236553465,0.465
2.0,0.1,Inf,0.935,0.23280892263969788,0.2992116196163317,0.4675
2.0,0.1,Inf,0.94,0.2310915379782379,0.29685959035509724,0.47
2.0,0.1,Inf,0.945,0.22939156706273545,0.2945272070343491,0.4725
2.0,0.1,Inf,0.95,0.22770884427806182,0.2922144385112381,0.475
2.0,0.1,Inf,0.955,0.2260432045089189,0.28992125007629854,0.4775
2.0,0.1,Inf,0.96,0.22439448317318755,0.2876476034853718,0.48
2.0,0.1,Inf,0.965,0.22276251625444,0.28539345699463525,0.4825
2.0,0.1,Inf,0.97,0.2211471403336026,0.2831587653986607,0.485
2.0,0.1,Inf,0.975,0.21954819261976344,0.280943480071425,0.4875
2.0,0.1,Inf,0.98,0.21796551098011496,0.2787475490101846,0.49
2.0,0.1,Inf,0.985,0.2163989339690261,0.2765709168821252,0.4925
2.0,0.1,Inf,0.99,0.21484830085623896,0.27441352507368877,0.495
2.0,0.1,Inf,0.995,0.21331345165418847,0.27227531174247965,0.4975
2.0,0.1,Inf,1.0,0.21179422714443763,0.2701562118716425,0.5
